"sequence"	"dH"	"dG"
"AGAAT"	-1.5	-1.5
"AGCAT"	-1.5	-1.5
"AGGAT"	-1.5	-1.5
"AGTAT"	-1.5	-1.5
"CGAAG"	-2	-2
"CGCAG"	-2	-2
"CGGAG"	-2	-2
"CGTAG"	-2	-2
"GGAAC"	-2	-2
"GGCAC"	-2	-2
"GGGAC"	-2	-2
"GGTAC"	-2	-2
"TGAAA"	-1.5	-1.5
"TGCAA"	-1.5	-1.5
"TGGAA"	-1.5	-1.5
"TGTAA"	-1.5	-1.5
"AAAAAT"	0.5	0.7
"AAAACT"	0.7	0.2
"AAACAT"	1	0.5
"ACTTGT"	0	-1.3
"AGAAAT"	-1.1	-1.6
"AGAGAT"	-1.1	-1.6
"AGATAT"	-1.5	-2
"AGCAAT"	-1.6	-2.1
"AGCGAT"	-1.1	-1.6
"AGCTTT"	0.2	-0.3
"AGGAAT"	-1.1	-1.6
"AGGGAT"	-1.1	-1.6
"AGGGGT"	0.5	0.3
"AGTAAT"	-1.6	-2.1
"AGTGAT"	-1.1	-1.6
"AGTTCT"	0.8	0.3
"ATTCGT"	-0.2	-0.7
"ATTTGT"	0	-0.5
"ATTTTT"	-0.5	-1
"CAAAAG"	0.5	0.9
"CAAACG"	0.7	0.7
"CAACAG"	1	1
"CAACCG"	0	0
"CCTTGG"	0	-0.8
"CGAAAG"	-1.1	-1.1
"CGAGAG"	-1.1	-1.1
"CGATAG"	-1.5	-1.5
"CGCAAG"	-1.6	-1.6
"CGCGAG"	-1.1	-1.1
"CGCTTG"	0.2	0.2
"CGGAAG"	-1.1	-1.1
"CGGGAG"	-1	-1
"CGGGGG"	0.5	0.8
"CGTAAG"	-1.6	-1.6
"CGTGAG"	-1.1	-1.1
"CGTTCG"	0.8	0.8
"CTTCGG"	-0.2	-0.2
"CTTTGG"	0	0
"CTTTTG"	-0.5	-0.5
"GAAAAC"	0.5	1.5
"GAAACC"	0.7	0.7
"GAACAC"	1	1
"GCTTGC"	0	-0.8
"GGAAAC"	-1.1	-1.1
"GGAGAC"	-1.1	-1.1
"GGATAC"	-1.6	-1.6
"GGCAAC"	-1.6	-1.6
"GGCGAC"	-1.1	-1.1
"GGCTTC"	0.2	0.2
"GGGAAC"	-1.1	-1.1
"GGGGAC"	-1.1	-1.1
"GGGGGC"	0.5	0.8
"GGTAAC"	-1.6	-1.6
"GGTGAC"	-1.1	-1.1
"GGTTCC"	0.8	0.8
"GTTCGC"	-0.2	-0.2
"GTTTGC"	0	0
"GTTTTC"	-0.5	-0.5
"GAAAAT"	0.5	1.5
"GAAACT"	1	1
"GAACAT"	1	1
"GCTTGT"	0	-0.5
"GGAAAT"	-1.1	-1.1
"GGAGAT"	-1.1	-1.1
"GGATAT"	-1.6	-1.6
"GGCAAT"	-1.6	-1.6
"GGCGAT"	-1.1	-1.1
"GGCTTT"	-0.1	-0.1
"GGGAAT"	-1.1	-1.1
"GGGGAT"	-1.1	-1.1
"GGGGGT"	0.5	0.8
"GGTAAT"	-1.6	-1.6
"GGTGAT"	-1.1	-1.1
"GTATAT"	-0.5	-0.5
"GTTCGT"	-0.4	-0.4
"GTTTGT"	-0.4	-0.4
"GTTTTT"	-0.5	-0.5
"TAAAAA"	0.5	0.4
"TAAACA"	0.7	0.2
"TAACAA"	1	0.5
"TCTTGA"	0	-1.3
"TGAAAA"	-1.1	-1.6
"TGAGAA"	-1.1	-1.6
"TGATAA"	-1.6	-2.1
"TGCAAA"	-1.6	-2.1
"TGCGAA"	-1.1	-1.6
"TGCTTA"	0.2	-0.3
"TGGAAA"	-1.1	-1.6
"TGGGAA"	-1.1	-1.6
"TGGGGA"	0.5	0.3
"TGTAAA"	-1.6	-2.1
"TGTGAA"	-1.1	-1.6
"TGTTCA"	0.8	0.3
"TTTCGA"	-0.2	-0.7
"TTTTGA"	0	-0.5
"TTTTTA"	-0.5	-1
"TAAAAG"	0.5	1
"TAAACG"	1	0.5
"TAACAG"	1	0.5
"TCTTGG"	0	-1
"TGAAAG"	-1	-1.5
"TGAGAG"	-1	-1.5
"TGATAG"	-1.5	-2
"TGCAAG"	-1.5	-2
"TGCGAG"	-1	-1.5
"TGCTTG"	-0.1	-0.6
"TGGAAG"	-1	-1.5
"TGGGAG"	-1	-1.5
"TGGGGG"	0.5	0.3
"TGTAAG"	-1.5	-2
"TGTGAG"	-1	-1.5
"TTTCGG"	-0.4	-0.9
"TTTTAG"	-1	-1.5
"TTTTGG"	-0.4	-0.9
"TTTTTG"	-0.5	-1
